{"cameraMode":{"drawMode":0,"name":"Shaded","section":"Shading Mode"},"sceneLighting":false,"audioPlay":false,"sceneViewState":{"showFog":true,"showMaterialUpdate":false,"showSkybox":true,"showFlares":true,"showImageEffects":true,"showParticleSystems":true},"in2DMode":false,"pivot":{"x":54.48342514038086,"y":-38.766788482666019,"z":23.86811637878418},"rotation":{"x":-0.23722489178180695,"y":-0.5272946953773499,"z":0.156203031539917,"w":-0.8008028864860535},"size":72.71805572509766,"orthographic":false}